experiment_id,bug_id,mode,language,model,llm_calls,input_tokens,output_tokens,total_tokens,curator_input_tokens,curator_output_tokens,curator_total_tokens,debugger_input_tokens,debugger_output_tokens,debugger_total_tokens,mcp_calls,context_size,context_reduction_percent,llm_time_ms,mcp_query_time_ms,mcp_transport_time_ms,mcp_time_ms,total_curation_time_ms,total_debugging_time_ms,total_time_ms,root_cause_identified,fix_generated,fix_correct,re_execution_passed,stop_reason,timestamp
exp_20260928_131440_b001_baseline_9c7473,B001,baseline,python,openrouter/free,1,0,0,0,0,0,0,0,0,0,0,11438,0.0,20704.2,0.0,0.0,0.0,0.0,21561.15,21561.15,False,True,True,True,error: Missing Authentication header,2026-09-28T13:14:40.149660
exp_20260928_131501_b001_dynamic_fd0e43,B001,dynamic,python,openrouter/free,1,0,0,0,0,0,0,0,0,0,0,2,99.98,247.88,0.0,0.0,0.0,5.48,932.96,938.44,False,True,True,True,"mcp_transport_error: not enough values to unpack (expected 2, got 0)",2026-09-28T13:15:01.713345
exp_20260928_131806_b001_baseline_1bfa36,B001,baseline,python,openrouter/free,1,0,0,0,0,0,0,0,0,0,0,11439,0.0,32674.78,0.0,0.0,0.0,0.0,37702.91,37702.91,False,True,True,True,error: Missing Authentication header,2026-09-28T13:18:06.890642+00:00
exp_20260928_131844_b001_dynamic_6c1dbf,B001,dynamic,python,openrouter/free,1,0,0,0,0,0,0,0,0,0,0,2,99.98,2316.21,0.0,0.0,0.0,2791.09,5688.13,8479.22,False,True,True,True,mcp_transport_error: unhandled errors in a TaskGroup (1 sub-exception),2026-09-28T13:18:44.598414+00:00
exp_20260928_133629_b001_baseline_81edd7,B001,baseline,python,openrouter/free,1,0,0,0,0,0,0,0,0,0,0,11438,0.0,4053.01,0.0,0.0,0.0,0.0,4660.73,4660.73,False,True,True,True,error: Missing Authentication header,2026-09-28T13:36:29.309796+00:00
exp_20260928_133633_b001_dynamic_93629e,B001,dynamic,python,openrouter/free,1,0,0,0,0,0,0,0,0,0,0,2,99.98,108.71,0.0,0.0,0.0,2.23,610.76,612.99,False,True,True,True,"mcp_transport_error: not enough values to unpack (expected 2, got 0)",2026-09-28T13:36:33.974588+00:00
exp_20260928_143858_b001_baseline_fa7edc,B001,baseline,python,openrouter/free,1,0,0,0,0,0,0,0,0,0,0,11441,0.0,1116.88,0.0,0.0,0.0,0.0,2148.49,2148.49,False,True,True,True,error: Missing Authentication header,2026-09-28T14:38:58.818120+00:00
exp_20260928_143900_b001_dynamic_148b04,B001,dynamic,python,openrouter/free,2,0,0,0,0,0,0,0,0,0,4,1306,88.58,510.6,2570.29,370.33,2940.62,3581.06,607.65,4188.71,False,True,True,True,curator_error,2026-09-28T14:39:00.971505+00:00
exp_20260928_145505_b001_baseline_c5c52e,B001,baseline,python,openrouter/free,1,0,0,0,0,0,0,0,0,0,0,11441,0.0,648.69,0.0,0.0,0.0,0.0,1330.78,1330.78,False,True,True,True,error: Missing Authentication header,2026-09-28T14:55:05.375513+00:00
exp_20260928_145506_b001_dynamic_2640bb,B001,dynamic,python,openrouter/free,1,0,0,0,0,0,0,0,0,0,0,2,99.98,122.61,0.0,0.0,0.0,1.69,687.83,689.52,False,True,True,True,"mcp_transport_error: not enough values to unpack (expected 2, got 0)",2026-09-28T14:55:06.708160+00:00
exp_20260928_145541_b001_baseline_084c27,B001,baseline,python,openrouter/free,1,0,0,0,0,0,0,0,0,0,0,11439,0.0,966.74,0.0,0.0,0.0,0.0,1821.44,1821.44,False,True,True,True,error: Missing Authentication header,2026-09-28T14:55:41.772662+00:00
exp_20260928_145543_b001_dynamic_5e42b6,B001,dynamic,python,openrouter/free,1,0,0,0,0,0,0,0,0,0,0,2,99.98,131.56,0.0,0.0,0.0,1.99,793.49,795.48,False,True,True,True,"mcp_transport_error: not enough values to unpack (expected 2, got 0)",2026-09-28T14:55:43.596202+00:00
